<?xml version="1.0" encoding="UTF-8"?>
<project-private xmlns="http://www.netbeans.org/ns/project-private/1">
    <editor-bookmarks xmlns="http://www.netbeans.org/ns/editor-bookmarks/2" lastBookmarkId="0"/>
    <open-files xmlns="http://www.netbeans.org/ns/projectui-open-files/2">
        <group>
            <file>file:/D:/COURS/LICENCE3/JAVA/PROJET/GESTION%20CLINIQUE/src/views/ConnexionController.java</file>
            <file>file:/D:/COURS/LICENCE3/JAVA/PROJET/GESTION%20CLINIQUE/src/Css/style.css</file>
            <file>file:/D:/COURS/LICENCE3/JAVA/PROJET/GESTION%20CLINIQUE/src/dao/RendezVousDao.java</file>
            <file>file:/D:/COURS/LICENCE3/JAVA/PROJET/GESTION%20CLINIQUE/src/views/ConsultationController.java</file>
            <file>file:/D:/COURS/LICENCE3/JAVA/PROJET/GESTION%20CLINIQUE/src/dao/DossierMedicalDao.java</file>
            <file>file:/D:/COURS/LICENCE3/JAVA/PROJET/GESTION%20CLINIQUE/src/views/RendezvousController.java</file>
        </group>
    </open-files>
</project-private>
